open_time,open,high,low,close,volume,close_time,quote_asset_volume,number_of_trades,taker_buy_base_asset_volume,taker_buy_quote_asset_volume,ignore
1638559140000,5.03700000,5.04800000,5.03600000,5.04800000,799.30000000,1638559199999,4025.89440000,7,608.50000000,3064.97360000,0
1638559200000,5.03600000,5.04200000,5.03300000,5.04200000,30.40000000,1638559259999,153.16910000,5,13.80000000,69.57960000,0
1638559260000,5.04200000,5.04200000,4.99100000,4.99100000,6100.80000000,1638559319999,30582.97870000,126,134.00000000,675.31600000,0
1638559320000,4.99400000,5.00700000,4.97500000,4.97500000,2167.60000000,1638559379999,10813.13380000,59,271.80000000,1356.74750000,0
1638559380000,4.97300000,4.98600000,4.96200000,4.98600000,2621.20000000,1638559439999,13044.65180000,67,1940.50000000,9664.75840000,0
1638559440000,4.97800000,4.98400000,4.95900000,4.97500000,2967.30000000,1638559499999,14766.25950000,45,718.30000000,3577.33220000,0
1638559500000,4.97000000,4.97000000,4.95700000,4.95700000,869.70000000,1638559559999,4314.19530000,25,12.20000000,60.63400000,0
1638559560000,4.95700000,4.97500000,4.95400000,4.95400000,3503.40000000,1638559619999,17404.32320000,34,2750.20000000,13668.96540000,0
1638559620000,4.95400000,4.95500000,4.95000000,4.95000000,1147.60000000,1638559679999,5681.80940000,32,166.20000000,823.48280000,0
1638559680000,4.95000000,4.95500000,4.93500000,4.95000000,3241.10000000,1638559739999,16037.61180000,52,103.30000000,510.94880000,0
1638559740000,4.94600000,4.94600000,4.91200000,4.92200000,2707.70000000,1638559799999,13339.20950000,64,62.30000000,307.51270000,0
1638559800000,4.92200000,4.93900000,4.92200000,4.93500000,1652.30000000,1638559859999,8155.41170000,31,1567.50000000,7737.43380000,0
1638559860000,4.92300000,4.93600000,4.92200000,4.93200000,1770.10000000,1638559919999,8723.30460000,30,744.70000000,3673.65480000,0
1638559920000,4.93200000,4.93200000,4.92500000,4.93100000,491.90000000,1638559979999,2422.94000000,8,53.40000000,263.32750000,0
1638559980000,4.93100000,4.95700000,4.92500000,4.95700000,3338.70000000,1638560039999,16508.98320000,44,2480.60000000,12269.06300000,0
1638560040000,4.95600000,4.96500000,4.94300000,4.95400000,505.40000000,1638560099999,2504.42930000,14,422.30000000,2092.99060000,0
1638560100000,4.94800000,4.96000000,4.94200000,4.95700000,1176.90000000,1638560159999,5830.79210000,40,846.90000000,4198.84880000,0
1638560160000,4.94800000,4.95400000,4.94800000,4.95400000,36.80000000,1638560219999,182.23550000,3,32.90000000,162.93440000,0
1638560220000,4.94700000,4.94900000,4.94200000,4.94300000,371.40000000,1638560279999,1836.67690000,14,170.60000000,844.12510000,0
1638560280000,4.94300000,4.94900000,4.94200000,4.94200000,1408.30000000,1638560339999,6960.33040000,18,219.20000000,1083.73140000,0
1638560340000,4.94200000,4.95300000,4.92800000,4.93500000,6099.40000000,1638560399999,30140.68970000,51,398.70000000,1970.97410000,0
1638560400000,4.92500000,4.93300000,4.92500000,4.92500000,784.10000000,1638560459999,3862.16690000,18,58.80000000,289.96720000,0
1638560460000,4.92600000,4.93000000,4.92500000,4.93000000,2751.20000000,1638560519999,13550.83470000,19,590.70000000,2910.37220000,0
1638560520000,4.93300000,4.94000000,4.92500000,4.92500000,1617.70000000,1638560579999,7982.96060000,24,486.60000000,2401.22080000,0
1638560580000,4.93700000,4.94400000,4.92700000,4.94400000,4535.80000000,1638560639999,22375.87840000,23,4392.20000000,21667.93610000,0
1638560640000,4.93400000,4.94500000,4.93400000,4.94300000,164.90000000,1638560699999,814.11280000,7,3.10000000,15.32950000,0
1638560700000,4.93100000,4.93900000,4.93100000,4.93400000,279.60000000,1638560759999,1379.52890000,5,259.10000000,1278.39940000,0
1638560760000,4.94300000,4.94500000,4.94000000,4.94000000,37.00000000,1638560819999,182.82880000,4,34.40000000,169.97700000,0
1638560820000,4.93400000,4.93800000,4.93300000,4.93500000,138.70000000,1638560879999,684.42550000,10,15.50000000,76.50360000,0
1638560880000,4.93400000,4.93600000,4.92500000,4.93300000,2754.20000000,1638560939999,13588.65500000,33,543.60000000,2680.84820000,0
1638560940000,4.93200000,4.93300000,4.92600000,4.93200000,545.00000000,1638560999999,2685.49240000,8,121.30000000,598.30700000,0
1638561000000,4.92600000,4.94300000,4.92600000,4.92700000,1086.10000000,1638561059999,5355.62220000,16,344.80000000,1700.77220000,0
1638561060000,4.92700000,4.94100000,4.92600000,4.94100000,261.10000000,1638561119999,1288.38460000,12,139.70000000,690.17010000,0
1638561120000,4.92900000,4.94700000,4.92800000,4.93900000,126.00000000,1638561179999,621.39360000,6,10.10000000,49.96470000,0
1638561180000,4.94400000,4.94400000,4.93200000,4.94000000,477.00000000,1638561239999,2356.57670000,13,463.70000000,2290.89830000,0
1638561240000,4.93200000,4.93300000,4.92600000,4.93200000,584.60000000,1638561299999,2883.09940000,11,108.60000000,535.58080000,0
1638561300000,4.92700000,4.92700000,4.92200000,4.92200000,350.60000000,1638561359999,1726.13430000,11,9.10000000,44.80840000,0
1638561360000,4.92200000,4.93100000,4.92200000,4.93100000,886.00000000,1638561419999,4362.02740000,7,163.00000000,803.42140000,0
1638561420000,4.93700000,4.93700000,4.92300000,4.92300000,141.40000000,1638561479999,696.38980000,5,12.00000000,59.24400000,0
1638561480000,4.92600000,4.93000000,4.92400000,4.92500000,402.90000000,1638561539999,1985.47940000,8,218.40000000,1076.71200000,0
1638561540000,4.92600000,4.93800000,4.92600000,4.93800000,247.30000000,1638561599999,1220.66610000,7,217.40000000,1073.34160000,0
1638561600000,4.92900000,4.93600000,4.92200000,4.92200000,227.30000000,1638561659999,1119.69290000,11,61.60000000,303.89740000,0
1638561660000,4.92200000,4.93100000,4.92000000,4.92000000,3244.70000000,1638561719999,15970.57380000,17,110.30000000,543.26560000,0
1638561720000,4.92000000,4.92000000,4.90500000,4.90500000,2501.60000000,1638561779999,12275.77860000,36,37.00000000,181.77840000,0
1638561780000,4.90500000,4.90500000,4.89400000,4.90000000,3493.20000000,1638561839999,17122.38530000,65,584.00000000,2862.87820000,0
1638561840000,4.90600000,4.91400000,4.90200000,4.90200000,208.90000000,1638561899999,1024.51640000,15,97.60000000,478.92070000,0
1638561900000,4.90200000,4.91100000,4.89900000,4.91000000,142.50000000,1638561959999,698.93240000,7,0.00000000,0.00000000,0
1638561960000,4.90400000,4.92400000,4.90400000,4.90400000,1307.10000000,1638562019999,6425.01570000,20,1184.50000000,5823.55010000,0
1638562020000,4.90500000,4.92100000,4.90200000,4.91100000,446.80000000,1638562079999,2195.13840000,15,59.90000000,294.64570000,0
1638562080000,4.91100000,4.91300000,4.90100000,4.90100000,94.70000000,1638562139999,464.40150000,12,10.30000000,50.58330000,0
1638562140000,4.91300000,4.91300000,4.89500000,4.89500000,1583.40000000,1638562199999,7759.60370000,20,523.50000000,2571.17000000,0
1638562200000,4.89500000,4.89900000,4.87400000,4.87600000,2341.10000000,1638562259999,11448.39240000,82,37.20000000,181.84500000,0
1638562260000,4.87600000,4.89400000,4.83800000,4.84000000,4590.60000000,1638562319999,22320.76760000,140,254.00000000,1240.10760000,0
1638562320000,4.84200000,4.84300000,4.82900000,4.84300000,4643.70000000,1638562379999,22428.86730000,41,3390.40000000,16376.23910000,0
1638562380000,4.83700000,4.84800000,4.83000000,4.83100000,874.40000000,1638562439999,4236.42920000,22,796.30000000,3859.00060000,0
1638562440000,4.84000000,4.84200000,4.82800000,4.84200000,769.90000000,1638562499999,3720.94460000,22,132.00000000,638.56820000,0
1638562500000,4.83000000,4.85400000,4.82300000,4.85100000,2211.00000000,1638562559999,10709.41940000,39,1737.40000000,8422.35400000,0
1638562560000,4.85100000,4.86500000,4.84400000,4.84400000,499.80000000,1638562619999,2425.26950000,32,431.80000000,2095.75540000,0
1638562620000,4.85100000,4.85700000,4.84000000,4.84000000,438.60000000,1638562679999,2126.24140000,17,213.50000000,1036.22030000,0
1638562680000,4.84600000,4.84600000,4.82000000,4.82000000,444.10000000,1638562739999,2141.73080000,19,18.60000000,89.88140000,0
1638562740000,4.82000000,4.84100000,4.78900000,4.79000000,10929.30000000,1638562799999,52512.60710000,195,4467.20000000,21450.60040000,0
1638562800000,4.79000000,4.81000000,4.76200000,4.78600000,12277.70000000,1638562859999,58629.34240000,125,2184.90000000,10445.91200000,0
1638562860000,4.77100000,4.84000000,4.76900000,4.83300000,3086.90000000,1638562919999,14827.21920000,57,2434.90000000,11711.45200000,0
1638562920000,4.83300000,4.86000000,4.81900000,4.84600000,765.30000000,1638562979999,3704.22960000,38,432.60000000,2096.48310000,0
1638562980000,4.86100000,4.89000000,4.86100000,4.87000000,5592.70000000,1638563039999,27258.15490000,77,1449.50000000,7080.50570000,0
1638563040000,4.87000000,4.89000000,4.86600000,4.86700000,2474.20000000,1638563099999,12064.22610000,29,1537.80000000,7502.22800000,0
1638563100000,4.87100000,4.87900000,4.86700000,4.86700000,566.90000000,1638563159999,2760.31710000,24,107.00000000,521.47520000,0
1638563160000,4.88100000,4.91100000,4.86700000,4.90800000,9192.30000000,1638563219999,44958.15440000,68,6318.70000000,30966.99530000,0
1638563220000,4.90000000,4.90800000,4.87800000,4.88200000,1090.90000000,1638563279999,5332.45700000,15,198.50000000,972.38560000,0
1638563280000,4.88000000,4.90400000,4.87900000,4.88500000,1946.90000000,1638563339999,9528.77300000,25,120.70000000,591.16600000,0
1638563340000,4.87900000,4.89100000,4.86700000,4.86900000,1336.90000000,1638563399999,6518.93970000,39,266.80000000,1303.88790000,0
1638563400000,4.89000000,4.89900000,4.87400000,4.89800000,473.00000000,1638563459999,2311.11730000,19,195.00000000,954.00090000,0
1638563460000,4.88700000,4.89800000,4.88200000,4.88200000,72.00000000,1638563519999,351.70100000,5,10.00000000,48.98000000,0
1638563520000,4.88200000,4.89500000,4.88200000,4.88300000,1898.90000000,1638563579999,9270.77560000,14,45.10000000,220.18170000,0
1638563580000,4.88200000,4.88200000,4.87400000,4.87400000,40.80000000,1638563639999,198.88000000,2,2.60000000,12.69320000,0
1638563640000,4.88300000,4.88500000,4.86700000,4.86700000,178.00000000,1638563699999,868.21820000,8,108.00000000,527.32240000,0
1638563700000,4.86700000,4.88300000,4.86700000,4.87500000,888.20000000,1638563759999,4329.73830000,27,311.30000000,1519.06920000,0
1638563760000,4.87500000,4.87500000,4.86600000,4.86600000,574.00000000,1638563819999,2795.31990000,13,51.30000000,249.99670000,0
1638563820000,4.86600000,4.86600000,4.82300000,4.83000000,4512.00000000,1638563879999,21941.97630000,60,0.00000000,0.00000000,0
1638563880000,4.85300000,4.85300000,4.82000000,4.82000000,2693.20000000,1638563939999,13013.31480000,17,24.80000000,119.97040000,0
1638563940000,4.82300000,4.82900000,4.81200000,4.82400000,931.30000000,1638563999999,4489.25680000,22,296.20000000,1427.79950000,0
1638564000000,4.82000000,4.83500000,4.81700000,4.83300000,3613.20000000,1638564059999,17432.04410000,15,3509.90000000,16933.98040000,0
1638564060000,4.82000000,4.82800000,4.82000000,4.82100000,636.00000000,1638564119999,3066.66810000,7,165.10000000,796.01080000,0
1638564120000,4.83500000,4.85000000,4.83500000,4.85000000,1780.90000000,1638564179999,8623.84690000,31,861.10000000,4172.15350000,0
1638564180000,4.85100000,4.86100000,4.85100000,4.86100000,438.60000000,1638564239999,2129.89770000,12,226.80000000,1100.85660000,0
1638564240000,4.86100000,4.86100000,4.84300000,4.84800000,1059.10000000,1638564299999,5143.64840000,11,113.30000000,550.75130000,0
1638564300000,4.84800000,4.84800000,4.83200000,4.84200000,341.90000000,1638564359999,1655.98330000,12,184.20000000,892.53770000,0
1638564360000,4.84200000,4.86100000,4.84200000,4.85300000,146.80000000,1638564419999,713.35640000,8,48.10000000,233.80610000,0
1638564420000,4.86100000,4.86700000,4.85800000,4.86000000,524.20000000,1638564479999,2550.52300000,9,515.80000000,2509.70860000,0
1638564480000,4.86100000,4.88500000,4.86100000,4.88500000,546.30000000,1638564539999,2661.85120000,16,366.50000000,1786.50780000,0
1638564540000,4.87600000,4.88500000,4.87300000,4.88500000,59.70000000,1638564599999,291.38670000,5,31.40000000,153.38900000,0
1638564600000,4.88400000,4.88900000,4.87100000,4.88700000,589.70000000,1638564659999,2880.12080000,11,457.10000000,2232.78770000,0
1638564660000,4.88400000,4.89800000,4.87600000,4.87600000,1089.80000000,1638564719999,5327.02990000,30,865.50000000,4232.41970000,0
1638564720000,4.89100000,4.90800000,4.87900000,4.90800000,766.00000000,1638564779999,3747.50050000,32,455.30000000,2230.06220000,0
1638564780000,4.90800000,4.92800000,4.90600000,4.90900000,940.90000000,1638564839999,4628.77210000,31,477.50000000,2350.15390000,0
1638564840000,4.92300000,4.93300000,4.90900000,4.91100000,1256.40000000,1638564899999,6183.01830000,31,734.20000000,3617.19450000,0
1638564900000,4.91100000,4.92800000,4.91100000,4.92100000,661.30000000,1638564959999,3252.51970000,20,355.00000000,1747.11570000,0
1638564960000,4.92500000,4.93700000,4.92000000,4.93700000,178.60000000,1638565019999,880.48480000,12,109.10000000,538.06140000,0
1638565020000,4.93500000,4.95000000,4.92700000,4.95000000,399.70000000,1638565079999,1975.16190000,24,394.40000000,1949.04880000,0
1638565080000,4.93400000,4.95000000,4.93400000,4.93900000,291.70000000,1638565139999,1440.18840000,7,291.70000000,1440.18840000,0
1638565140000,4.94200000,4.95000000,4.94100000,4.94400000,565.80000000,1638565199999,2798.30310000,24,332.60000000,1645.92450000,0
1638565200000,4.94300000,4.95400000,4.90400000,4.90700000,2368.50000000,1638565259999,11672.64530000,62,297.30000000,1470.96010000,0
1638565260000,4.91100000,4.94100000,4.90900000,4.94100000,449.70000000,1638565319999,2214.87690000,17,423.70000000,2086.68690000,0
1638565320000,4.94400000,4.94700000,4.93000000,4.94000000,318.70000000,1638565379999,1574.34950000,12,123.50000000,610.39450000,0
1638565380000,4.93400000,4.94700000,4.93400000,4.94600000,285.80000000,1638565439999,1412.82500000,9,285.80000000,1412.82500000,0
1638565440000,4.92900000,4.95700000,4.92300000,4.95600000,2872.40000000,1638565499999,14202.70510000,69,1834.10000000,9084.51450000,0
1638565500000,4.94000000,4.94900000,4.93900000,4.94400000,103.70000000,1638565559999,512.32740000,7,11.90000000,58.85960000,0
1638565560000,4.94500000,4.94500000,4.93800000,4.93800000,340.10000000,1638565619999,1679.89330000,8,52.40000000,258.92290000,0
1638565620000,4.94500000,4.95100000,4.93900000,4.93900000,244.50000000,1638565679999,1210.15820000,6,208.10000000,1030.13620000,0
1638565680000,4.95500000,4.97300000,4.95500000,4.96200000,5670.30000000,1638565739999,28116.36280000,55,5381.00000000,26680.85810000,0
1638565740000,4.96100000,4.96800000,4.96000000,4.96700000,2054.40000000,1638565799999,10192.99820000,12,1457.00000000,7226.90530000,0
1638565800000,4.96200000,4.96600000,4.95200000,4.95200000,382.90000000,1638565859999,1898.36780000,11,21.70000000,107.59000000,0
1638565860000,4.94200000,4.94200000,4.93600000,4.93600000,81.20000000,1638565919999,401.07090000,5,3.60000000,17.79120000,0
1638565920000,4.94800000,4.98000000,4.92600000,4.95300000,3609.20000000,1638565979999,17879.71340000,50,3461.20000000,17149.05280000,0
1638565980000,4.94000000,4.94000000,4.92900000,4.92900000,289.40000000,1638566039999,1427.91190000,13,50.60000000,249.71760000,0
1638566040000,4.93800000,4.94000000,4.93300000,4.94000000,81.10000000,1638566099999,400.33980000,7,52.10000000,257.27000000,0
1638566100000,4.92700000,4.95600000,4.92700000,4.95600000,224.20000000,1638566159999,1107.93610000,12,170.30000000,842.14860000,0
1638566160000,4.95400000,4.95400000,4.94900000,4.94900000,84.10000000,1638566219999,416.23540000,3,4.90000000,24.27460000,0
1638566220000,4.94900000,4.95700000,4.93400000,4.93800000,2191.90000000,1638566279999,10846.05610000,18,16.00000000,79.16190000,0
1638566280000,4.94500000,4.94500000,4.93800000,4.93900000,482.70000000,1638566339999,2383.90040000,15,28.40000000,140.41640000,0
1638566340000,4.93900000,4.93900000,4.92400000,4.92600000,1301.30000000,1638566399999,6420.55210000,23,30.40000000,149.74580000,0
1638566400000,4.92600000,4.93300000,4.92400000,4.93000000,1214.80000000,1638566459999,5984.50180000,9,1192.60000000,5875.14760000,0
1638566460000,4.93600000,4.93600000,4.92600000,4.92600000,248.40000000,1638566519999,1223.75670000,8,0.00000000,0.00000000,0
1638566520000,4.94000000,4.94100000,4.92800000,4.92900000,330.80000000,1638566579999,1633.19570000,12,239.50000000,1183.19590000,0
1638566580000,4.93000000,4.94100000,4.93000000,4.94000000,83.70000000,1638566639999,413.15850000,7,63.70000000,314.47820000,0
1638566640000,4.94500000,4.95000000,4.93800000,4.94300000,58.10000000,1638566699999,287.22370000,11,9.90000000,48.96210000,0
1638566700000,4.93800000,4.94300000,4.93000000,4.94200000,110.80000000,1638566759999,546.88300000,9,6.20000000,30.61620000,0
1638566760000,4.93400000,4.94300000,4.92700000,4.93100000,1516.60000000,1638566819999,7490.49610000,30,1256.50000000,6208.45500000,0
1638566820000,4.93100000,4.94000000,4.92600000,4.94000000,576.20000000,1638566879999,2838.52530000,14,6.50000000,32.07040000,0
1638566880000,4.94000000,4.94100000,4.92800000,4.93100000,203.30000000,1638566939999,1002.99910000,13,93.10000000,459.86470000,0
1638566940000,4.93000000,4.93000000,4.91700000,4.91700000,353.30000000,1638566999999,1741.62190000,6,0.00000000,0.00000000,0
1638567000000,4.92400000,4.92400000,4.91700000,4.92300000,136.00000000,1638567059999,669.40550000,10,121.60000000,598.53520000,0
1638567060000,4.92200000,4.92900000,4.92200000,4.92900000,385.80000000,1638567119999,1899.25240000,10,381.60000000,1878.55060000,0
1638567120000,4.92500000,4.93400000,4.92500000,4.93400000,347.80000000,1638567179999,1715.39130000,4,0.00000000,0.00000000,0
1638567180000,4.92900000,4.93600000,4.92400000,4.92400000,18.20000000,1638567239999,89.67470000,3,5.10000000,25.13790000,0
1638567240000,4.93500000,4.94200000,4.92700000,4.94200000,2503.70000000,1638567299999,12372.68800000,12,1490.00000000,7363.01620000,0
1638567300000,4.93000000,4.93800000,4.92700000,4.92900000,191.40000000,1638567359999,943.38810000,9,3.80000000,18.72260000,0
1638567360000,4.93700000,4.93700000,4.93000000,4.93000000,6.40000000,1638567419999,31.58000000,2,4.00000000,19.74800000,0
1638567420000,4.93900000,4.94000000,4.93100000,4.93100000,39.50000000,1638567479999,194.87910000,4,12.30000000,60.75590000,0
1638567480000,4.93900000,4.94000000,4.93100000,4.93300000,436.10000000,1638567539999,2151.27830000,5,8.60000000,42.47540000,0
1638567540000,4.94200000,4.97200000,4.93100000,4.95000000,1798.50000000,1638567599999,8912.54190000,64,1513.60000000,7506.11770000,0
1638567600000,4.95100000,4.97400000,4.94100000,4.94100000,1082.40000000,1638567659999,5372.69200000,29,778.20000000,3866.83920000,0
1638567660000,4.94200000,4.95100000,4.94000000,4.94000000,162.90000000,1638567719999,804.87940000,6,61.20000000,302.46460000,0
1638567720000,4.94000000,4.95300000,4.94000000,4.95300000,27.50000000,1638567779999,135.93410000,3,23.90000000,118.15010000,0
1638567780000,4.95300000,4.95300000,4.94500000,4.94500000,114.70000000,1638567839999,567.51390000,6,40.00000000,198.12000000,0
1638567840000,4.94400000,4.94400000,4.94100000,4.94100000,44.90000000,1638567899999,221.92470000,2,0.00000000,0.00000000,0
1638567900000,4.94200000,4.95400000,4.94100000,4.95400000,801.50000000,1638567959999,3968.22450000,18,618.20000000,3062.37380000,0
1638567960000,4.95300000,4.95300000,4.94300000,4.94300000,101.00000000,1638568019999,499.44400000,2,20.10000000,99.55530000,0
1638568020000,4.94300000,4.94300000,4.94100000,4.94100000,71.60000000,1638568079999,353.84410000,3,0.00000000,0.00000000,0
1638568080000,4.94200000,4.95000000,4.94200000,4.95000000,125.60000000,1638568139999,620.87520000,9,9.10000000,45.04500000,0
1638568140000,4.95200000,4.95500000,4.94200000,4.94500000,1557.10000000,1638568199999,7710.37090000,12,15.50000000,76.73750000,0
1638568200000,4.94100000,4.94500000,4.94000000,4.94400000,529.80000000,1638568259999,2617.72160000,13,101.00000000,499.38440000,0
1638568260000,4.94200000,4.94200000,4.94100000,4.94100000,27.90000000,1638568319999,137.87360000,2,0.00000000,0.00000000,0
1638568320000,4.94100000,4.94300000,4.93500000,4.94300000,807.00000000,1638568379999,3985.05180000,17,271.30000000,1339.00370000,0
1638568380000,4.94100000,4.94900000,4.93300000,4.94900000,305.10000000,1638568439999,1507.55040000,11,161.00000000,796.46820000,0
1638568440000,4.93600000,4.93600000,4.92900000,4.92900000,366.80000000,1638568499999,1810.49180000,5,361.00000000,1781.89600000,0
1638568500000,4.92700000,4.93400000,4.91800000,4.91800000,102.40000000,1638568559999,504.53740000,10,11.80000000,58.21460000,0
1638568560000,4.91700000,4.92000000,4.90900000,4.90900000,352.90000000,1638568619999,1733.84780000,15,4.00000000,19.68000000,0
1638568620000,4.90900000,4.91500000,4.90900000,4.91500000,253.30000000,1638568679999,1243.48540000,6,212.80000000,1044.63520000,0
1638568680000,4.91000000,4.91600000,4.90900000,4.90900000,425.90000000,1638568739999,2091.17290000,4,412.30000000,2024.39300000,0
1638568740000,4.91600000,4.91600000,4.90900000,4.90900000,6.30000000,1638568799999,30.94350000,2,0.00000000,0.00000000,0
1638568800000,4.90800000,4.90900000,4.90300000,4.90400000,167.90000000,1638568859999,823.68000000,9,0.00000000,0.00000000,0
1638568860000,4.90600000,4.90600000,4.90000000,4.90000000,32.50000000,1638568919999,159.36880000,4,18.00000000,88.30800000,0
1638568920000,4.90000000,4.90000000,4.88000000,4.88600000,5052.90000000,1638568979999,24695.40780000,61,453.90000000,2219.66020000,0
1638568980000,4.87800000,4.90900000,4.87400000,4.90900000,2426.70000000,1638569039999,11850.92720000,21,2365.30000000,11551.31920000,0
1638569040000,4.91000000,4.91200000,4.89200000,4.89200000,194.50000000,1638569099999,952.85880000,10,7.90000000,38.79300000,0
1638569100000,4.89200000,4.90200000,4.89000000,4.89000000,208.00000000,1638569159999,1017.50140000,10,4.60000000,22.53240000,0
1638569160000,4.90200000,4.90700000,4.90200000,4.90700000,27.20000000,1638569219999,133.37450000,3,16.30000000,79.90260000,0
1638569220000,4.91200000,4.91500000,4.91200000,4.91400000,288.90000000,1638569279999,1419.47120000,11,225.40000000,1107.42970000,0
1638569280000,4.91400000,4.91400000,4.91400000,4.91400000,0.00000000,1638569339999,0.00000000,0,0.00000000,0.00000000,0
1638569340000,4.91400000,4.91900000,4.91400000,4.91900000,175.60000000,1638569399999,863.14290000,8,69.50000000,341.75760000,0
1638569400000,4.91000000,4.91000000,4.90100000,4.90100000,199.60000000,1638569459999,978.95190000,9,42.30000000,207.32730000,0
1638569460000,4.89900000,4.90300000,4.89200000,4.89200000,1429.30000000,1638569519999,7002.36740000,11,27.50000000,134.78700000,0
1638569520000,4.89000000,4.89100000,4.89000000,4.89000000,1281.00000000,1638569579999,6264.10880000,13,1192.90000000,5833.28100000,0
1638569580000,4.88900000,4.90400000,4.88900000,4.90400000,257.60000000,1638569639999,1262.02630000,11,248.60000000,1217.96530000,0
1638569640000,4.90400000,4.90400000,4.90400000,4.90400000,0.00000000,1638569699999,0.00000000,0,0.00000000,0.00000000,0
1638569700000,4.88900000,4.90100000,4.88800000,4.89000000,219.00000000,1638569759999,1071.97330000,14,119.50000000,585.55290000,0
1638569760000,4.89400000,4.89400000,4.89400000,4.89400000,7.00000000,1638569819999,34.25800000,3,2.60000000,12.72440000,0
1638569820000,4.89400000,4.89400000,4.88500000,4.88500000,42.60000000,1638569879999,208.41600000,2,7.60000000,37.12600000,0
1638569880000,4.88300000,4.89300000,4.88200000,4.89300000,57.30000000,1638569939999,280.18120000,5,46.40000000,226.96520000,0
1638569940000,4.89300000,4.89300000,4.89300000,4.89300000,12.20000000,1638569999999,59.69460000,2,12.20000000,59.69460000,0
1638570000000,4.88100000,4.89400000,4.88000000,4.88000000,85.00000000,1638570059999,415.03400000,8,12.20000000,59.70460000,0
1638570060000,4.88200000,4.88200000,4.88200000,4.88200000,4.30000000,1638570119999,20.99260000,1,4.30000000,20.99260000,0
1638570120000,4.88800000,4.88800000,4.88800000,4.88800000,20.80000000,1638570179999,101.67040000,3,5.00000000,24.44000000,0
1638570180000,4.87800000,4.87800000,4.87400000,4.87700000,107.80000000,1638570239999,525.56740000,6,5.00000000,24.38500000,0
1638570240000,4.87700000,4.90300000,4.87700000,4.90300000,2075.10000000,1638570299999,10163.36630000,20,2068.90000000,10133.12890000,0
1638570300000,4.88300000,4.89000000,4.88000000,4.89000000,196.30000000,1638570359999,959.34210000,7,112.50000000,550.12500000,0
1638570360000,4.88100000,4.88100000,4.88100000,4.88100000,2.40000000,1638570419999,11.71440000,1,2.40000000,11.71440000,0
1638570420000,4.88900000,4.89000000,4.88900000,4.89000000,87.00000000,1638570479999,425.39280000,3,87.00000000,425.39280000,0
1638570480000,4.88900000,4.88900000,4.88900000,4.88900000,10.20000000,1638570539999,49.86780000,1,10.20000000,49.86780000,0
1638570540000,4.87800000,4.88900000,4.87700000,4.87700000,141.00000000,1638570599999,687.94000000,5,94.20000000,459.66490000,0
1638570600000,4.87600000,4.88200000,4.87100000,4.88200000,476.10000000,1638570659999,2319.77850000,15,25.00000000,122.03200000,0
1638570660000,4.87800000,4.88800000,4.87200000,4.88400000,56.90000000,1638570719999,277.59700000,7,25.70000000,125.56060000,0
1638570720000,4.87200000,4.88800000,4.87200000,4.88800000,119.80000000,1638570779999,585.12100000,6,94.90000000,463.80820000,0
1638570780000,4.87700000,4.87700000,4.87700000,4.87700000,3.10000000,1638570839999,15.11870000,1,3.10000000,15.11870000,0
1638570840000,4.87700000,4.87700000,4.87700000,4.87700000,10.00000000,1638570899999,48.77000000,1,0.00000000,0.00000000,0
1638570900000,4.87100000,4.88100000,4.87100000,4.88100000,249.80000000,1638570959999,1217.07270000,7,69.70000000,339.70310000,0
1638570960000,4.87600000,4.87600000,4.87600000,4.87600000,2.20000000,1638571019999,10.72720000,1,2.20000000,10.72720000,0
1638571020000,4.88800000,4.89100000,4.87600000,4.87600000,160.50000000,1638571079999,784.13970000,7,127.70000000,624.20690000,0
1638571080000,4.87600000,4.87600000,4.87600000,4.87600000,3.00000000,1638571139999,14.62800000,1,0.00000000,0.00000000,0
1638571140000,4.87600000,4.88700000,4.87600000,4.88300000,28.30000000,1638571199999,138.18350000,4,0.00000000,0.00000000,0
1638571200000,4.88000000,4.88700000,4.88000000,4.88100000,62.00000000,1638571259999,302.59750000,6,8.80000000,42.96900000,0
1638571260000,4.88000000,4.88000000,4.87100000,4.87100000,2495.30000000,1638571319999,12158.69880000,25,2.80000000,13.66400000,0
1638571320000,4.87600000,4.87700000,4.87600000,4.87700000,6.60000000,1638571379999,32.18550000,2,6.60000000,32.18550000,0
1638571380000,4.87500000,4.87500000,4.87100000,4.87100000,44.90000000,1638571439999,218.72350000,3,13.40000000,65.28700000,0
1638571440000,4.87000000,4.87700000,4.87000000,4.87000000,183.50000000,1638571499999,893.80890000,6,25.90000000,126.29690000,0
1638571500000,4.87000000,4.87900000,4.86700000,4.87900000,92.90000000,1638571559999,452.54840000,8,42.20000000,205.75340000,0
1638571560000,4.87100000,4.87100000,4.87100000,4.87100000,3.70000000,1638571619999,18.02270000,1,3.70000000,18.02270000,0
1638571620000,4.87100000,4.87100000,4.87100000,4.87100000,9.90000000,1638571679999,48.22290000,2,0.00000000,0.00000000,0
1638571680000,4.87100000,4.87200000,4.86600000,4.86600000,379.50000000,1638571739999,1848.30530000,6,2.00000000,9.74400000,0
1638571740000,4.86500000,4.86500000,4.85700000,4.86000000,35.10000000,1638571799999,170.60900000,6,4.30000000,20.89800000,0
1638571800000,4.85800000,4.86600000,4.85700000,4.86600000,56.20000000,1638571859999,273.07450000,6,0.00000000,0.00000000,0
1638571860000,4.85700000,4.85800000,4.85600000,4.85800000,7.40000000,1638571919999,35.94140000,3,2.30000000,11.17340000,0
1638571920000,4.85600000,4.85600000,4.85600000,4.85600000,15.40000000,1638571979999,74.78240000,2,0.00000000,0.00000000,0
1638571980000,4.85600000,4.85600000,4.84800000,4.85000000,582.90000000,1638572039999,2827.83760000,20,255.30000000,1238.20500000,0
1638572040000,4.85000000,4.85400000,4.85000000,4.85400000,109.50000000,1638572099999,531.18780000,3,106.30000000,515.65500000,0
1638572100000,4.85400000,4.85500000,4.84600000,4.84600000,454.30000000,1638572159999,2205.12560000,7,2.80000000,13.59400000,0
1638572160000,4.84600000,4.84600000,4.84600000,4.84600000,18.20000000,1638572219999,88.19720000,3,9.10000000,44.09860000,0
1638572220000,4.84600000,4.84700000,4.84600000,4.84700000,105.20000000,1638572279999,509.82670000,2,105.20000000,509.82670000,0
1638572280000,4.84600000,4.84600000,4.84600000,4.84600000,5.10000000,1638572339999,24.71460000,1,0.00000000,0.00000000,0
1638572340000,4.84700000,4.84700000,4.84500000,4.84500000,45.00000000,1638572399999,218.05280000,5,13.90000000,67.37330000,0
1638572400000,4.84400000,4.84800000,4.83900000,4.84100000,324.90000000,1638572459999,1573.56740000,19,172.80000000,837.07510000,0
1638572460000,4.85000000,4.85000000,4.84000000,4.84200000,27.40000000,1638572519999,132.78000000,7,9.60000000,46.55370000,0
1638572520000,4.84200000,4.84200000,4.84200000,4.84200000,21.50000000,1638572579999,104.10300000,2,0.00000000,0.00000000,0
1638572580000,4.84400000,4.84400000,4.84400000,4.84400000,2.60000000,1638572639999,12.59440000,1,2.60000000,12.59440000,0
1638572640000,4.84200000,4.85100000,4.84200000,4.85100000,333.20000000,1638572699999,1614.20690000,10,155.30000000,752.00780000,0
1638572700000,4.84300000,4.85400000,4.84200000,4.85400000,83.00000000,1638572759999,402.46120000,7,26.30000000,127.64720000,0
1638572760000,4.85400000,4.86400000,4.85400000,4.86400000,115.70000000,1638572819999,562.11030000,8,113.50000000,551.43150000,0
1638572820000,4.85900000,4.87100000,4.85900000,4.87100000,533.10000000,1638572879999,2593.25600000,12,434.60000000,2114.64450000,0
1638572880000,4.86900000,4.87000000,4.86000000,4.87000000,673.90000000,1638572939999,3281.24620000,12,260.10000000,1266.24540000,0
1638572940000,4.85900000,4.85900000,4.85500000,4.85700000,114.80000000,1638572999999,557.57480000,4,93.80000000,455.57760000,0
1638573000000,4.85300000,4.85300000,4.85200000,4.85200000,44.30000000,1638573059999,214.97390000,5,14.00000000,67.92800000,0
1638573060000,4.85100000,4.85300000,4.84900000,4.85300000,124.90000000,1638573119999,605.66970000,5,73.90000000,358.37070000,0
1638573120000,4.85600000,4.85600000,4.84800000,4.85100000,11.00000000,1638573179999,53.36460000,3,8.20000000,39.79020000,0
1638573180000,4.85100000,4.85300000,4.85100000,4.85300000,26.60000000,1638573239999,129.06600000,4,1.50000000,7.27650000,0
1638573240000,4.86000000,4.86600000,4.86000000,4.86500000,97.80000000,1638573299999,475.80560000,5,97.80000000,475.80560000,0
1638573300000,4.86100000,4.87300000,4.86100000,4.87000000,93.70000000,1638573359999,456.19120000,7,63.40000000,308.83790000,0
1638573360000,4.87000000,4.87000000,4.87000000,4.87000000,0.00000000,1638573419999,0.00000000,0,0.00000000,0.00000000,0
1638573420000,4.87400000,4.88500000,4.87400000,4.87600000,512.60000000,1638573479999,2502.40720000,22,491.80000000,2400.98640000,0
1638573480000,4.88600000,4.88600000,4.88000000,4.88000000,72.40000000,1638573539999,353.36120000,3,8.20000000,40.06520000,0
1638573540000,4.88700000,4.90000000,4.88700000,4.90000000,329.10000000,1638573599999,1610.10940000,25,324.80000000,1589.04370000,0
1638573600000,4.90000000,4.90100000,4.89300000,4.89800000,351.60000000,1638573659999,1720.90670000,12,91.90000000,450.15350000,0
1638573660000,4.89800000,4.91600000,4.89800000,4.91600000,262.70000000,1638573719999,1287.45650000,13,262.70000000,1287.45650000,0
1638573720000,4.91300000,4.92300000,4.91300000,4.92300000,37.70000000,1638573779999,185.41970000,6,37.70000000,185.41970000,0
1638573780000,4.92200000,4.92800000,4.92200000,4.92400000,761.20000000,1638573839999,3750.82250000,33,744.60000000,3669.09060000,0
1638573840000,4.92400000,4.92400000,4.91800000,4.92100000,48.30000000,1638573899999,237.72620000,4,13.10000000,64.43140000,0
1638573900000,4.91300000,4.92200000,4.90400000,4.91600000,87.40000000,1638573959999,429.07420000,10,21.60000000,106.21720000,0
1638573960000,4.91600000,4.91600000,4.90600000,4.90700000,246.40000000,1638574019999,1209.10170000,7,241.40000000,1184.56670000,0
1638574020000,4.91000000,4.91000000,4.91000000,4.91000000,5.00000000,1638574079999,24.55000000,1,5.00000000,24.55000000,0
1638574080000,4.91100000,4.91900000,4.91100000,4.91500000,70.50000000,1638574139999,346.72920000,4,70.50000000,346.72920000,0
1638574140000,4.91100000,4.91500000,4.91100000,4.91500000,14.30000000,1638574199999,70.27530000,3,2.30000000,11.29530000,0
1638574200000,4.91500000,4.91500000,4.91000000,4.91400000,263.10000000,1638574259999,1292.87330000,10,160.80000000,790.14030000,0
1638574260000,4.91400000,4.91400000,4.91400000,4.91400000,37.70000000,1638574319999,185.25780000,4,37.70000000,185.25780000,0
1638574320000,4.91000000,4.91400000,4.91000000,4.91400000,10.10000000,1638574379999,49.60020000,2,10.10000000,49.60020000,0
1638574380000,4.91400000,4.91400000,4.90800000,4.90800000,21.10000000,1638574439999,103.61220000,2,8.90000000,43.73460000,0
1638574440000,4.90800000,4.91400000,4.90000000,4.91400000,889.60000000,1638574499999,4368.58250000,14,605.40000000,2974.54380000,0
1638574500000,4.91500000,4.91500000,4.91100000,4.91100000,23.60000000,1638574559999,115.90960000,2,2.50000000,12.28750000,0
1638574560000,4.91500000,4.91500000,4.91500000,4.91500000,16.00000000,1638574619999,78.64000000,2,16.00000000,78.64000000,0
1638574620000,4.91000000,4.91300000,4.90900000,4.91300000,449.50000000,1638574679999,2207.34150000,4,109.00000000,535.51700000,0
1638574680000,4.91100000,4.91500000,4.91100000,4.91500000,1449.30000000,1638574739999,7120.61320000,8,1434.90000000,7049.89480000,0
1638574740000,4.91500000,4.91500000,4.91500000,4.91500000,0.00000000,1638574799999,0.00000000,0,0.00000000,0.00000000,0
1638574800000,4.90600000,4.91500000,4.90600000,4.91500000,65.80000000,1638574859999,323.14760000,5,31.00000000,152.36240000,0
1638574860000,4.91500000,4.91500000,4.91500000,4.91500000,127.80000000,1638574919999,628.13700000,1,127.80000000,628.13700000,0
1638574920000,4.91500000,4.91800000,4.91500000,4.91800000,374.20000000,1638574979999,1839.51490000,4,374.20000000,1839.51490000,0
1638574980000,4.91700000,4.91700000,4.91700000,4.91700000,22.30000000,1638575039999,109.64910000,2,0.00000000,0.00000000,0
1638575040000,4.91000000,4.91000000,4.90800000,4.90800000,103.10000000,1638575099999,506.03540000,3,0.00000000,0.00000000,0
1638575100000,4.90800000,4.91500000,4.90800000,4.91500000,60.40000000,1638575159999,296.45720000,3,42.70000000,209.58560000,0
1638575160000,4.90800000,4.92800000,4.90800000,4.92800000,69.80000000,1638575219999,343.49040000,4,58.80000000,289.32240000,0
1638575220000,4.92000000,4.92000000,4.91800000,4.92000000,314.50000000,1638575279999,1546.81180000,9,5.10000000,25.09200000,0
1638575280000,4.91800000,4.93500000,4.91800000,4.93400000,469.60000000,1638575339999,2312.94380000,18,304.20000000,1498.11560000,0
1638575340000,4.93400000,4.93400000,4.92700000,4.92700000,54.50000000,1638575399999,268.56630000,5,6.40000000,31.57760000,0
1638575400000,4.92700000,4.94400000,4.92700000,4.94400000,3083.50000000,1638575459999,15206.06970000,32,3033.00000000,14957.15970000,0
1638575460000,4.94500000,4.94500000,4.94000000,4.94000000,80.20000000,1638575519999,396.56500000,4,75.40000000,372.85300000,0
1638575520000,4.94300000,4.94300000,4.94000000,4.94000000,26.70000000,1638575579999,131.91150000,4,4.50000000,22.24350000,0
1638575580000,4.94300000,4.94300000,4.94000000,4.94000000,9.60000000,1638575639999,47.43930000,2,5.10000000,25.20930000,0
1638575640000,4.94100000,4.94600000,4.94100000,4.94200000,189.90000000,1638575699999,938.53520000,4,42.10000000,208.10760000,0
1638575700000,4.94200000,4.94700000,4.94000000,4.94700000,190.40000000,1638575759999,941.14300000,5,31.90000000,157.80930000,0
1638575760000,4.94000000,4.94000000,4.90500000,4.90600000,897.70000000,1638575819999,4423.54090000,16,99.80000000,490.81640000,0
1638575820000,4.90600000,4.91800000,4.90400000,4.91800000,2739.40000000,1638575879999,13468.43190000,45,2577.80000000,12675.43090000,0
1638575880000,4.92500000,4.93600000,4.92500000,4.93600000,18.40000000,1638575939999,90.77620000,2,18.40000000,90.77620000,0
1638575940000,4.93600000,4.93600000,4.93600000,4.93600000,0.00000000,1638575999999,0.00000000,0,0.00000000,0.00000000,0
1638576000000,4.92700000,4.93700000,4.92000000,4.92300000,1067.50000000,1638576059999,5253.89200000,16,5.50000000,27.15350000,0
1638576060000,4.92300000,4.93200000,4.91900000,4.92500000,836.90000000,1638576119999,4121.23770000,31,217.40000000,1071.75160000,0
1638576120000,4.92500000,4.92500000,4.90700000,4.90700000,1178.30000000,1638576179999,5785.30890000,33,47.10000000,231.39860000,0
1638576180000,4.90000000,4.90500000,4.89000000,4.89000000,404.80000000,1638576239999,1982.48420000,24,49.40000000,242.08000000,0
1638576240000,4.89000000,4.89900000,4.88700000,4.89900000,412.40000000,1638576299999,2016.18590000,21,9.60000000,46.96290000,0
1638576300000,4.88900000,4.92100000,4.88900000,4.90100000,505.90000000,1638576359999,2481.46870000,20,208.00000000,1023.28110000,0
1638576360000,4.90100000,4.90600000,4.89900000,4.90600000,320.70000000,1638576419999,1571.57800000,17,20.30000000,99.59180000,0
1638576420000,4.90300000,4.90500000,4.90200000,4.90500000,240.40000000,1638576479999,1178.88130000,12,4.50000000,22.06800000,0
1638576480000,4.90500000,4.90500000,4.90100000,4.90100000,212.80000000,1638576539999,1043.35550000,14,0.00000000,0.00000000,0
1638576540000,4.90100000,4.90700000,4.89700000,4.89700000,329.20000000,1638576599999,1613.58250000,21,57.10000000,280.18970000,0
1638576600000,4.89700000,4.91000000,4.89700000,4.90000000,237.50000000,1638576659999,1163.46780000,15,4.20000000,20.62200000,0
1638576660000,4.90000000,4.90900000,4.89800000,4.90900000,441.90000000,1638576719999,2165.09550000,17,20.50000000,100.63450000,0
1638576720000,4.89700000,4.90300000,4.89300000,4.89400000,263.90000000,1638576779999,1291.98050000,14,5.00000000,24.51500000,0
1638576780000,4.89400000,4.89500000,4.89300000,4.89500000,245.20000000,1638576839999,1200.01440000,10,0.00000000,0.00000000,0
1638576840000,4.89500000,4.89500000,4.89400000,4.89400000,185.30000000,1638576899999,906.89930000,11,0.00000000,0.00000000,0
1638576900000,4.89400000,4.89400000,4.88800000,4.88800000,337.60000000,1638576959999,1651.53900000,13,0.00000000,0.00000000,0
1638576960000,4.88800000,4.89700000,4.88800000,4.88900000,283.80000000,1638577019999,1387.40880000,14,7.10000000,34.76660000,0
1638577020000,4.89600000,4.89600000,4.88900000,4.88900000,303.30000000,1638577079999,1483.36470000,15,64.00000000,313.32350000,0
1638577080000,4.88900000,4.89500000,4.88600000,4.88700000,140.10000000,1638577139999,684.79250000,15,2.10000000,10.27950000,0
1638577140000,4.88600000,4.89100000,4.88200000,4.89100000,725.30000000,1638577199999,3541.82670000,25,334.80000000,1634.86840000,0
1638577200000,4.88300000,4.89200000,4.88200000,4.88300000,669.10000000,1638577259999,3267.07790000,14,331.90000000,1620.68660000,0
1638577260000,4.88300000,4.89400000,4.88300000,4.88500000,748.40000000,1638577319999,3660.30970000,30,486.60000000,2381.10240000,0
1638577320000,4.88500000,4.88500000,4.87900000,4.87900000,1480.40000000,1638577379999,7226.41910000,23,0.00000000,0.00000000,0
1638577380000,4.87900000,4.87900000,4.86000000,4.86000000,3078.80000000,1638577439999,15015.36400000,51,0.00000000,0.00000000,0
1638577440000,4.86000000,4.86100000,4.85300000,4.85300000,450.50000000,1638577499999,2188.92780000,30,0.00000000,0.00000000,0
1638577500000,4.85300000,4.85900000,4.84400000,4.84400000,642.20000000,1638577559999,3115.08440000,26,26.20000000,127.13270000,0
1638577560000,4.84400000,4.84500000,4.83900000,4.84100000,1388.20000000,1638577619999,6718.67270000,25,49.90000000,241.71560000,0
1638577620000,4.84100000,4.84800000,4.84100000,4.84800000,828.70000000,1638577679999,4015.26710000,12,704.30000000,3413.04670000,0
1638577680000,4.84100000,4.84100000,4.83800000,4.83800000,151.10000000,1638577739999,731.36530000,9,0.00000000,0.00000000,0
1638577740000,4.83700000,4.84400000,4.83700000,4.84300000,308.40000000,1638577799999,1491.87160000,8,21.40000000,103.64240000,0
1638577800000,4.83600000,4.83700000,4.83600000,4.83600000,62.60000000,1638577859999,302.73590000,6,2.30000000,11.12510000,0
1638577860000,4.83600000,4.83600000,4.83000000,4.83300000,145.60000000,1638577919999,703.72670000,7,2.10000000,10.14930000,0
1638577920000,4.82800000,4.84200000,4.82800000,4.83100000,314.50000000,1638577979999,1520.26830000,11,244.60000000,1182.26580000,0
1638577980000,4.84100000,4.84200000,4.84100000,4.84200000,90.30000000,1638578039999,437.18270000,3,90.30000000,437.18270000,0
1638578040000,4.84200000,4.84200000,4.84200000,4.84200000,3.80000000,1638578099999,18.39960000,1,0.00000000,0.00000000,0
1638578100000,4.83400000,4.83600000,4.83400000,4.83600000,73.60000000,1638578159999,355.81060000,8,14.10000000,68.18760000,0
1638578160000,4.83600000,4.83600000,4.83400000,4.83400000,283.40000000,1638578219999,1370.44970000,6,240.00000000,1160.64000000,0
1638578220000,4.83400000,4.83400000,4.83400000,4.83400000,41.50000000,1638578279999,200.61100000,2,0.00000000,0.00000000,0
1638578280000,4.83400000,4.83400000,4.83100000,4.83400000,1077.00000000,1638578339999,5206.20390000,20,44.40000000,214.62960000,0
1638578340000,4.83100000,4.83100000,4.82100000,4.83000000,595.20000000,1638578399999,2873.13420000,19,292.30000000,1411.71170000,0
1638578400000,4.82100000,4.82700000,4.81400000,4.81500000,1234.10000000,1638578459999,5943.42870000,24,888.30000000,4277.21370000,0
1638578460000,4.82300000,4.82300000,4.81700000,4.81800000,27.70000000,1638578519999,133.45630000,4,2.20000000,10.61060000,0
1638578520000,4.81800000,4.82400000,4.81700000,4.82400000,21.70000000,1638578579999,104.56110000,3,2.10000000,10.13040000,0
1638578580000,4.81500000,4.81600000,4.80300000,4.81600000,567.90000000,1638578639999,2731.72020000,22,2.40000000,11.55840000,0
1638578640000,4.80800000,4.80800000,4.79900000,4.79900000,536.40000000,1638578699999,2574.79990000,25,0.00000000,0.00000000,0
1638578700000,4.79900000,4.81300000,4.79500000,4.79900000,977.40000000,1638578759999,4694.04820000,19,689.80000000,3313.34750000,0
1638578760000,4.79600000,4.80200000,4.78300000,4.78900000,487.80000000,1638578819999,2338.22830000,21,60.60000000,290.57110000,0
1638578820000,4.78900000,4.79800000,4.78900000,4.79300000,270.50000000,1638578879999,1295.80790000,14,268.00000000,1283.82790000,0
1638578880000,4.78300000,4.78400000,4.77600000,4.77600000,1001.70000000,1638578939999,4787.75430000,19,13.50000000,64.55200000,0
1638578940000,4.78000000,4.79000000,4.77400000,4.78300000,698.50000000,1638578999999,3338.00870000,14,482.10000000,2304.67660000,0
1638579000000,4.77900000,4.79200000,4.77900000,4.79200000,90.80000000,1638579059999,434.24910000,4,24.30000000,116.44560000,0
1638579060000,4.77700000,4.78800000,4.77400000,4.78200000,223.20000000,1638579119999,1066.32590000,10,43.70000000,209.22120000,0
1638579120000,4.78200000,4.78200000,4.78100000,4.78100000,23.30000000,1638579179999,111.41830000,2,23.30000000,111.41830000,0
1638579180000,4.78100000,4.78200000,4.77100000,4.77100000,539.50000000,1638579239999,2578.95530000,12,451.10000000,2157.00570000,0
1638579240000,4.77100000,4.77900000,4.76800000,4.77900000,242.80000000,1638579299999,1158.45090000,10,95.90000000,457.80210000,0
1638579300000,4.77200000,4.80200000,4.77000000,4.80200000,2545.60000000,1638579359999,12176.75320000,34,2009.60000000,9613.14540000,0
1638579360000,4.78700000,4.80000000,4.78700000,4.78900000,251.90000000,1638579419999,1206.65900000,6,14.60000000,70.08000000,0
1638579420000,4.78900000,4.78900000,4.77500000,4.77500000,357.60000000,1638579479999,1711.47540000,16,0.00000000,0.00000000,0
1638579480000,4.76900000,4.76900000,4.76500000,4.76500000,1294.60000000,1638579539999,6169.09130000,16,33.20000000,158.33080000,0
1638579540000,4.77400000,4.77400000,4.76800000,4.76800000,5.40000000,1638579599999,25.76280000,2,5.40000000,25.76280000,0
1638579600000,4.76600000,4.77300000,4.76500000,4.76500000,4768.00000000,1638579659999,22722.52870000,32,22.10000000,105.47190000,0
1638579660000,4.76500000,4.76900000,4.76100000,4.76900000,2412.50000000,1638579719999,11490.83740000,15,29.10000000,138.77790000,0
1638579720000,4.76900000,4.77200000,4.75200000,4.75200000,867.70000000,1638579779999,4128.87390000,39,109.60000000,522.78700000,0
1638579780000,4.76800000,4.76800000,4.75900000,4.76000000,619.20000000,1638579839999,2952.07000000,11,609.20000000,2904.44920000,0
1638579840000,4.77000000,4.77300000,4.76900000,4.77100000,257.20000000,1638579899999,1226.88020000,12,253.90000000,1211.13590000,0
1638579900000,4.76000000,4.76900000,4.75400000,4.75700000,639.00000000,1638579959999,3040.28350000,29,31.20000000,148.68800000,0
1638579960000,4.75900000,4.76500000,4.75800000,4.75800000,69.10000000,1638580019999,328.90200000,7,16.30000000,77.60180000,0
1638580020000,4.75500000,4.75500000,4.73700000,4.73700000,2322.20000000,1638580079999,11023.05300000,67,96.00000000,456.07260000,0
1638580080000,4.74900000,4.74900000,4.73700000,4.74400000,64.60000000,1638580139999,306.34000000,14,33.40000000,158.46670000,0
1638580140000,4.74000000,4.74400000,4.71200000,4.71800000,2022.90000000,1638580199999,9558.96100000,70,692.30000000,3266.68160000,0
1638580200000,4.71800000,4.71800000,4.70800000,4.71300000,359.00000000,1638580259999,1692.16900000,63,153.50000000,723.90620000,0
1638580260000,4.71300000,4.71800000,4.70100000,4.71100000,1345.60000000,1638580319999,6338.18520000,50,916.00000000,4317.08470000,0
1638580320000,4.71100000,4.72200000,4.70200000,4.71300000,1359.20000000,1638580379999,6409.65020000,25,1253.30000000,5911.20780000,0
1638580380000,4.72200000,4.72500000,4.70500000,4.71800000,325.20000000,1638580439999,1533.66390000,11,176.50000000,833.71060000,0
1638580440000,4.70900000,4.72000000,4.70900000,4.70900000,118.00000000,1638580499999,556.36670000,7,66.50000000,313.82800000,0
1638580500000,4.71000000,4.73300000,4.70500000,4.73300000,2660.40000000,1638580559999,12566.78240000,21,253.80000000,1200.28970000,0
1638580560000,4.73400000,4.74700000,4.73400000,4.74700000,82.70000000,1638580619999,392.34760000,13,67.60000000,320.75480000,0
1638580620000,4.74700000,4.75200000,4.74600000,4.74700000,128.20000000,1638580679999,608.76530000,14,77.00000000,365.71600000,0
1638580680000,4.74000000,4.74000000,4.74000000,4.74000000,10.90000000,1638580739999,51.66600000,3,10.90000000,51.66600000,0
1638580740000,4.74000000,4.74000000,4.73800000,4.74000000,107.80000000,1638580799999,510.96680000,8,105.20000000,498.64800000,0
1638580800000,4.73300000,4.76100000,4.73300000,4.76100000,2747.00000000,1638580859999,13042.17060000,22,2704.90000000,12842.91130000,0
1638580860000,4.75000000,4.80200000,4.75000000,4.77400000,4054.70000000,1638580919999,19333.93810000,74,3442.30000000,16405.49350000,0
1638580920000,4.77800000,4.80500000,4.77600000,4.80500000,854.20000000,1638580979999,4092.48990000,28,547.10000000,2625.54780000,0
1638580980000,4.79800000,4.80200000,4.78600000,4.80000000,104.50000000,1638581039999,501.02580000,8,51.90000000,249.13220000,0
1638581040000,4.78700000,4.78700000,4.78600000,4.78600000,25.10000000,1638581099999,120.14460000,4,6.20000000,29.67320000,0
1638581100000,4.78500000,4.79700000,4.78400000,4.78900000,858.50000000,1638581159999,4108.10110000,22,424.60000000,2032.16640000,0
1638581160000,4.80000000,4.80500000,4.80000000,4.80500000,249.90000000,1638581219999,1199.59090000,10,249.90000000,1199.59090000,0
1638581220000,4.80400000,4.80500000,4.79200000,4.79200000,56.10000000,1638581279999,269.47210000,3,56.10000000,269.47210000,0
1638581280000,4.79200000,4.79200000,4.79200000,4.79200000,2.10000000,1638581339999,10.06320000,1,2.10000000,10.06320000,0
1638581340000,4.80300000,4.80300000,4.79800000,4.80300000,8.30000000,1638581399999,39.85190000,3,8.30000000,39.85190000,0
1638581400000,4.79500000,4.80300000,4.79400000,4.79500000,49.10000000,1638581459999,235.58770000,12,19.50000000,93.65850000,0
1638581460000,4.79500000,4.79500000,4.79500000,4.79500000,13.90000000,1638581519999,66.65050000,1,0.00000000,0.00000000,0
1638581520000,4.79100000,4.79700000,4.79100000,4.79700000,5.50000000,1638581579999,26.36490000,2,2.40000000,11.51280000,0
1638581580000,4.78900000,4.79700000,4.78900000,4.79700000,107.20000000,1638581639999,513.43840000,7,7.20000000,34.53840000,0
1638581640000,4.80200000,4.80200000,4.80200000,4.80200000,10.90000000,1638581699999,52.34180000,4,10.90000000,52.34180000,0
1638581700000,4.78900000,4.78900000,4.78900000,4.78900000,16.20000000,1638581759999,77.58180000,3,0.00000000,0.00000000,0
1638581760000,4.79100000,4.79100000,4.78400000,4.78400000,418.40000000,1638581819999,2002.53450000,16,46.90000000,224.69790000,0
1638581820000,4.79100000,4.79100000,4.78200000,4.79100000,30.20000000,1638581879999,144.59610000,9,22.50000000,107.77470000,0
1638581880000,4.79100000,4.79700000,4.78400000,4.79700000,111.90000000,1638581939999,536.10540000,10,88.20000000,422.70720000,0
1638581940000,4.78800000,4.79000000,4.78800000,4.78900000,330.50000000,1638581999999,1582.91520000,9,0.00000000,0.00000000,0
1638582000000,4.79000000,4.79900000,4.79000000,4.79000000,178.30000000,1638582059999,854.45710000,22,162.40000000,778.29610000,0
1638582060000,4.79000000,4.79800000,4.78900000,4.79600000,63.50000000,1638582119999,304.20340000,8,33.90000000,162.44900000,0
1638582120000,4.78200000,4.78800000,4.78000000,4.78800000,323.50000000,1638582179999,1546.89960000,15,13.00000000,62.24400000,0
1638582180000,4.78800000,4.79000000,4.78200000,4.79000000,203.40000000,1638582239999,973.89000000,20,199.10000000,953.32740000,0
1638582240000,4.79000000,4.80300000,4.79000000,4.79000000,916.10000000,1638582299999,4390.88980000,18,835.80000000,4006.25280000,0
1638582300000,4.79000000,4.79000000,4.78700000,4.78700000,145.50000000,1638582359999,696.88960000,13,70.10000000,335.77900000,0
1638582360000,4.78700000,4.78700000,4.78100000,4.78400000,1240.10000000,1638582419999,5936.14780000,15,1189.40000000,5693.65780000,0
1638582420000,4.78400000,4.78400000,4.78400000,4.78400000,0.00000000,1638582479999,0.00000000,0,0.00000000,0.00000000,0
1638582480000,4.79600000,4.79600000,4.79600000,4.79600000,3.90000000,1638582539999,18.70440000,1,3.90000000,18.70440000,0
1638582540000,4.80000000,4.80000000,4.79000000,4.79000000,20.40000000,1638582599999,97.77000000,2,5.40000000,25.92000000,0
1638582600000,4.79000000,4.79800000,4.79000000,4.79700000,77.70000000,1638582659999,372.61320000,20,61.20000000,293.57820000,0
1638582660000,4.79700000,4.79700000,4.77600000,4.79500000,2095.40000000,1638582719999,10020.42300000,31,614.20000000,2940.75010000,0
1638582720000,4.78600000,4.79400000,4.78600000,4.79400000,20.90000000,1638582779999,100.16400000,4,17.50000000,83.89160000,0
1638582780000,4.79300000,4.79300000,4.77700000,4.77700000,70.00000000,1638582839999,334.77780000,11,16.80000000,80.43170000,0
1638582840000,4.77700000,4.77700000,4.77200000,4.77700000,299.20000000,1638582899999,1429.14570000,20,293.60000000,1402.42250000,0
1638582900000,4.77500000,4.79200000,4.77400000,4.79200000,26.00000000,1638582959999,124.24090000,3,5.60000000,26.83520000,0
1638582960000,4.77800000,4.78600000,4.77600000,4.78600000,233.80000000,1638583019999,1117.30610000,23,225.90000000,1079.57570000,0
1638583020000,4.78600000,4.79000000,4.78600000,4.79000000,26.20000000,1638583079999,125.44360000,7,26.20000000,125.44360000,0
1638583080000,4.79000000,4.79000000,4.78900000,4.79000000,524.40000000,1638583139999,2511.75540000,77,520.20000000,2491.63740000,0
1638583140000,4.79000000,4.79200000,4.77900000,4.78700000,225.40000000,1638583199999,1078.54500000,32,139.30000000,667.07310000,0
1638583200000,4.77700000,4.78900000,4.77700000,4.78900000,521.80000000,1638583259999,2498.28920000,15,516.00000000,2470.58260000,0
1638583260000,4.78700000,4.78900000,4.78300000,4.78900000,647.10000000,1638583319999,3097.28970000,42,647.10000000,3097.28970000,0
1638583320000,4.78900000,4.79000000,4.78000000,4.78000000,222.10000000,1638583379999,1062.78980000,25,67.90000000,325.17600000,0
1638583380000,4.78900000,4.79000000,4.78500000,4.79000000,149.90000000,1638583439999,717.48500000,28,112.70000000,539.48300000,0
1638583440000,4.79000000,4.79000000,4.77600000,4.77600000,334.80000000,1638583499999,1600.27500000,26,97.90000000,468.58950000,0
1638583500000,4.77600000,4.78900000,4.77600000,4.78800000,50.30000000,1638583559999,240.50690000,9,24.40000000,116.80850000,0
1638583560000,4.78500000,4.78500000,4.77100000,4.78000000,563.90000000,1638583619999,2692.13850000,18,36.60000000,174.99710000,0
1638583620000,4.78000000,4.78000000,4.77200000,4.77200000,739.10000000,1638583679999,3527.57460000,42,77.80000000,371.85100000,0
1638583680000,4.77700000,4.77700000,4.76200000,4.77000000,99.30000000,1638583739999,473.60790000,21,64.80000000,309.15360000,0
1638583740000,4.77100000,4.77200000,4.76200000,4.77100000,100.10000000,1638583799999,477.47030000,18,80.80000000,385.56370000,0
1638583800000,4.77100000,4.77100000,4.74300000,4.74300000,3632.30000000,1638583859999,17270.89030000,71,273.00000000,1302.20160000,0
1638583860000,4.74800000,4.76000000,4.74800000,4.76000000,228.90000000,1638583919999,1088.96860000,26,181.10000000,862.01420000,0
1638583920000,4.76000000,4.76000000,4.74700000,4.75400000,2580.00000000,1638583979999,12253.32190000,35,979.50000000,4650.66860000,0
1638583980000,4.75400000,4.77100000,4.75400000,4.77100000,1995.60000000,1638584039999,9498.63810000,36,1083.40000000,5154.72670000,0
1638584040000,4.76200000,4.76600000,4.74200000,4.74400000,2061.20000000,1638584099999,9791.20170000,41,715.80000000,3401.73570000,0
1638584100000,4.73800000,4.74500000,4.72800000,4.74500000,2447.30000000,1638584159999,11604.55290000,49,554.50000000,2629.89230000,0
1638584160000,4.74500000,4.74500000,4.73400000,4.74300000,168.20000000,1638584219999,796.71140000,12,37.20000000,176.50880000,0
1638584220000,4.74400000,4.74400000,4.72400000,4.73800000,1722.50000000,1638584279999,8144.27350000,28,88.40000000,418.48940000,0
1638584280000,4.74400000,4.74400000,4.72800000,4.74000000,576.00000000,1638584339999,2724.04280000,12,26.70000000,126.64260000,0
1638584340000,4.74000000,4.74000000,4.73000000,4.74000000,65.30000000,1638584399999,309.17800000,9,30.90000000,146.46600000,0
1638584400000,4.72900000,4.74000000,4.72700000,4.72700000,240.00000000,1638584459999,1135.01860000,8,79.00000000,373.62070000,0
1638584460000,4.73600000,4.73900000,4.73600000,4.73900000,39.00000000,1638584519999,184.75260000,9,39.00000000,184.75260000,0
1638584520000,4.73900000,4.74000000,4.73800000,4.73800000,25.90000000,1638584579999,122.74030000,5,25.90000000,122.74030000,0
1638584580000,4.73400000,4.73400000,4.72400000,4.73100000,413.80000000,1638584639999,1955.18850000,12,23.30000000,110.24660000,0
1638584640000,4.72400000,4.73000000,4.72200000,4.72500000,255.60000000,1638584699999,1207.77510000,21,101.60000000,480.32430000,0
1638584700000,4.72500000,4.72500000,4.71400000,4.72100000,191.80000000,1638584759999,905.49880000,38,154.10000000,727.64870000,0
1638584760000,4.72100000,4.72100000,4.71400000,4.72100000,242.10000000,1638584819999,1142.81060000,28,221.60000000,1046.17360000,0
1638584820000,4.72100000,4.72100000,4.72100000,4.72100000,123.20000000,1638584879999,581.62720000,16,123.20000000,581.62720000,0
1638584880000,4.72100000,4.72100000,4.72100000,4.72100000,194.20000000,1638584939999,916.81820000,31,194.20000000,916.81820000,0
1638584940000,4.72100000,4.72100000,4.70700000,4.70700000,784.10000000,1638584999999,3695.91100000,31,311.70000000,1471.53570000,0
1638585000000,4.71100000,4.71900000,4.70000000,4.71900000,3293.00000000,1638585059999,15495.01500000,84,409.60000000,1929.97220000,0
1638585060000,4.71900000,4.72300000,4.71700000,4.71700000,744.90000000,1638585119999,3515.32970000,33,702.60000000,3315.67370000,0
1638585120000,4.71600000,4.71600000,4.71600000,4.71600000,14.50000000,1638585179999,68.38200000,3,14.50000000,68.38200000,0
1638585180000,4.71600000,4.71600000,4.71500000,4.71600000,52.20000000,1638585239999,246.16570000,11,52.20000000,246.16570000,0
1638585240000,4.71600000,4.71600000,4.70200000,4.71400000,696.00000000,1638585299999,3277.21950000,33,93.60000000,441.17620000,0
1638585300000,4.70400000,4.71200000,4.70300000,4.71100000,115.30000000,1638585359999,542.82990000,20,63.60000000,299.66510000,0
1638585360000,4.71000000,4.71000000,4.70300000,4.71000000,142.60000000,1638585419999,671.55990000,29,130.30000000,613.71300000,0
1638585420000,4.71000000,4.71100000,4.71000000,4.71100000,122.10000000,1638585479999,575.16110000,21,122.10000000,575.16110000,0
1638585480000,4.71100000,4.71200000,4.71100000,4.71200000,209.00000000,1638585539999,984.63210000,24,209.00000000,984.63210000,0
1638585540000,4.71200000,4.72600000,4.71200000,4.72600000,1117.90000000,1638585599999,5270.49030000,41,1007.70000000,4750.84670000,0
1638585600000,4.72600000,4.72700000,4.72000000,4.72300000,273.70000000,1638585659999,1292.61570000,25,186.20000000,879.53410000,0
1638585660000,4.71700000,4.72200000,4.71400000,4.72200000,150.00000000,1638585719999,707.58110000,9,36.80000000,173.76960000,0
1638585720000,4.72200000,4.72200000,4.72100000,4.72200000,121.90000000,1638585779999,575.60550000,13,115.60000000,545.86320000,0
1638585780000,4.72200000,4.72500000,4.72200000,4.72300000,312.30000000,1638585839999,1475.46290000,16,257.50000000,1216.62830000,0
1638585840000,4.72400000,4.72600000,4.72400000,4.72600000,91.20000000,1638585899999,430.99620000,12,91.20000000,430.99620000,0
1638585900000,4.71900000,4.73300000,4.71900000,4.73300000,94.60000000,1638585959999,446.97830000,13,70.30000000,332.30660000,0
1638585960000,4.73500000,4.73600000,4.72500000,4.73600000,942.20000000,1638586019999,4453.79070000,19,38.10000000,180.36250000,0
1638586020000,4.73400000,4.73600000,4.73000000,4.73600000,131.10000000,1638586079999,620.55680000,13,120.50000000,570.38700000,0
1638586080000,4.72600000,4.73600000,4.72600000,4.72700000,472.90000000,1638586139999,2235.48920000,24,278.00000000,1314.35230000,0
1638586140000,4.73300000,4.74500000,4.73300000,4.74500000,278.40000000,1638586199999,1319.39850000,27,268.40000000,1272.02850000,0
1638586200000,4.73800000,4.74700000,4.73800000,4.74700000,179.70000000,1638586259999,852.44070000,25,155.10000000,735.85310000,0
1638586260000,4.74800000,4.74800000,4.74300000,4.74700000,525.60000000,1638586319999,2495.11410000,49,505.90000000,2401.66320000,0
1638586320000,4.74800000,4.74800000,4.74500000,4.74800000,892.60000000,1638586379999,4237.43130000,68,889.50000000,4222.72180000,0
1638586380000,4.74800000,4.74800000,4.74500000,4.74800000,316.30000000,1638586439999,1501.77370000,32,316.30000000,1501.77370000,0
1638586440000,4.74800000,4.75000000,4.73800000,4.73800000,624.30000000,1638586499999,2963.74740000,40,602.70000000,2861.38240000,0
1638586500000,4.74700000,4.74700000,4.73800000,4.74500000,247.90000000,1638586559999,1176.58270000,26,228.30000000,1083.69390000,0
1638586560000,4.74500000,4.74500000,4.74500000,4.74500000,31.10000000,1638586619999,147.56950000,4,31.10000000,147.56950000,0
1638586620000,4.74500000,4.74700000,4.73700000,4.74700000,26.10000000,1638586679999,123.75290000,5,18.80000000,89.17280000,0
1638586680000,4.74700000,4.75100000,4.74700000,4.75100000,202.50000000,1638586739999,961.32000000,8,198.40000000,941.85320000,0
1638586740000,4.75100000,4.75100000,4.75100000,4.75100000,0.00000000,1638586799999,0.00000000,0,0.00000000,0.00000000,0
1638586800000,4.74900000,4.74900000,4.73900000,4.74900000,52.90000000,1638586859999,250.91680000,8,23.30000000,110.64240000,0
1638586860000,4.74900000,4.74900000,4.73600000,4.74700000,198.60000000,1638586919999,941.44110000,22,42.90000000,203.57880000,0
1638586920000,4.73900000,4.74800000,4.73700000,4.73700000,29.00000000,1638586979999,137.50610000,4,16.60000000,78.76730000,0
1638586980000,4.74800000,4.74800000,4.73800000,4.73800000,7.30000000,1638587039999,34.62640000,2,7.30000000,34.62640000,0
1638587040000,4.73900000,4.74800000,4.73900000,4.74800000,35.50000000,1638587099999,168.38720000,6,20.50000000,97.30220000,0
1638587100000,4.74000000,4.74600000,4.74000000,4.74600000,63.70000000,1638587159999,302.21520000,5,46.20000000,219.26520000,0
1638587160000,4.73700000,4.74600000,4.73700000,4.74600000,32.60000000,1638587219999,154.65660000,2,32.60000000,154.65660000,0
1638587220000,4.74400000,4.74800000,4.74400000,4.74800000,285.00000000,1638587279999,1353.11560000,23,285.00000000,1353.11560000,0
1638587280000,4.74800000,4.74800000,4.73200000,4.74600000,2982.20000000,1638587339999,14150.44530000,25,1459.00000000,6921.65230000,0
1638587340000,4.74600000,4.74600000,4.73300000,4.74500000,145.10000000,1638587399999,688.54310000,8,141.50000000,671.50430000,0
1638587400000,4.73300000,4.74500000,4.73300000,4.74500000,38.60000000,1638587459999,182.95890000,5,25.30000000,120.01000000,0
1638587460000,4.74500000,4.74700000,4.73800000,4.73800000,78.20000000,1638587519999,370.93920000,6,31.80000000,150.95460000,0
1638587520000,4.74600000,4.74600000,4.74300000,4.74600000,166.20000000,1638587579999,788.77620000,12,166.20000000,788.77620000,0
1638587580000,4.73900000,4.75100000,4.73800000,4.73800000,268.70000000,1638587639999,1274.85430000,23,97.90000000,464.87470000,0
1638587640000,4.74700000,4.75500000,4.74700000,4.75500000,733.30000000,1638587699999,3483.18810000,50,478.20000000,2272.20680000,0
1638587700000,4.74800000,4.75900000,4.74800000,4.75900000,144.30000000,1638587759999,686.49020000,14,117.70000000,560.08340000,0
1638587760000,4.75900000,4.75900000,4.73000000,4.73500000,8077.20000000,1638587819999,38274.31490000,64,101.80000000,482.97270000,0
1638587820000,4.73500000,4.74600000,4.73500000,4.74500000,755.20000000,1638587879999,3583.08770000,24,391.80000000,1859.02350000,0
1638587880000,4.74500000,4.74800000,4.73900000,4.74200000,832.60000000,1638587939999,3948.28070000,43,482.30000000,2288.10370000,0
1638587940000,4.74200000,4.74700000,4.73700000,4.74700000,786.10000000,1638587999999,3728.83460000,56,680.30000000,3227.15700000,0
1638588000000,4.74700000,4.74700000,4.73500000,4.73800000,1424.00000000,1638588059999,6746.50150000,35,228.40000000,1083.86410000,0
1638588060000,4.73000000,4.73600000,4.73000000,4.73600000,998.40000000,1638588119999,4722.63640000,15,55.80000000,264.13840000,0
1638588120000,4.73600000,4.73600000,4.72200000,4.72900000,222.30000000,1638588179999,1051.28570000,19,105.20000000,497.85280000,0
1638588180000,4.72300000,4.72700000,4.72300000,4.72700000,83.00000000,1638588239999,392.21060000,5,83.00000000,392.21060000,0
1638588240000,4.72800000,4.72800000,4.71500000,4.71500000,90.30000000,1638588299999,426.33070000,6,22.40000000,105.89640000,0
1638588300000,4.71500000,4.72800000,4.71400000,4.72400000,110.40000000,1638588359999,521.23200000,6,60.00000000,283.60400000,0
1638588360000,4.72400000,4.72600000,4.71300000,4.72600000,308.60000000,1638588419999,1455.38770000,14,78.20000000,369.39310000,0
1638588420000,4.71400000,4.72600000,4.71400000,4.72600000,43.00000000,1638588479999,202.88800000,2,15.50000000,73.25300000,0
1638588480000,4.72600000,4.72600000,4.72500000,4.72500000,13.20000000,1638588539999,62.38050000,4,13.20000000,62.38050000,0
1638588540000,4.72400000,4.72600000,4.71600000,4.72600000,352.70000000,1638588599999,1664.29800000,16,108.10000000,510.71240000,0
1638588600000,4.71600000,4.72600000,4.71600000,4.71600000,163.40000000,1638588659999,771.02840000,9,56.40000000,266.41640000,0
1638588660000,4.72600000,4.72600000,4.71500000,4.71500000,1294.80000000,1638588719999,6105.01170000,7,1101.70000000,5194.54520000,0
1638588720000,4.72400000,4.72400000,4.72300000,4.72300000,87.20000000,1638588779999,411.92770000,10,87.20000000,411.92770000,0
1638588780000,4.72100000,4.72300000,4.71800000,4.72300000,1940.20000000,1638588839999,9154.86930000,52,1861.60000000,8783.72010000,0
1638588840000,4.72400000,4.72400000,4.72400000,4.72400000,59.90000000,1638588899999,282.96760000,3,59.90000000,282.96760000,0
1638588900000,4.71500000,4.72500000,4.70000000,4.70500000,3524.60000000,1638588959999,16579.94140000,61,257.30000000,1211.17930000,0
1638588960000,4.72200000,4.72200000,4.71800000,4.72000000,205.10000000,1638589019999,968.01880000,5,205.10000000,968.01880000,0
1638589020000,4.71900000,4.71900000,4.71900000,4.71900000,48.00000000,1638589079999,226.51200000,4,48.00000000,226.51200000,0
1638589080000,4.71900000,4.71900000,4.71800000,4.71800000,9.60000000,1638589139999,45.29550000,2,9.60000000,45.29550000,0
